pair_id	A_local	B_global	seed	lambda_global	requested	n_records	n_auditable	n_heavy_connected	heavy_connected_rate	n_anchor_same_fragment	anchor_same_fragment_rate	n_anchor_component_is_parent	anchor_component_is_parent_rate	n_fragmented	n_potential_missing_bond	n_bond_distance_valence_limited	n_close_nonbonded	n_geometrically_separated	n_heavy_fragments_mean	n_heavy_fragments_median	n_heavy_fragments_sd	n_heavy_fragments_minimum	n_heavy_fragments_maximum	parent_heavy_fraction_mean	parent_heavy_fraction_median	parent_heavy_fraction_sd	parent_heavy_fraction_minimum	parent_heavy_fraction_maximum	anchor_heavy_fraction_mean	anchor_heavy_fraction_median	anchor_heavy_fraction_sd	anchor_heavy_fraction_minimum	anchor_heavy_fraction_maximum	minimum_heavy_interfragment_distance_mean	minimum_heavy_interfragment_distance_median	minimum_heavy_interfragment_distance_sd	minimum_heavy_interfragment_distance_minimum	minimum_heavy_interfragment_distance_maximum	minimum_covalent_radius_ratio_mean	minimum_covalent_radius_ratio_median	minimum_covalent_radius_ratio_sd	minimum_covalent_radius_ratio_minimum	minimum_covalent_radius_ratio_maximum	full_tanimoto_A_mean	full_tanimoto_A_sd	full_tanimoto_B_mean	full_tanimoto_B_sd	full_protrude_A_mean	full_protrude_A_sd	full_protrude_B_mean	full_protrude_B_sd	full_strict_dual	parent_tanimoto_A_mean	parent_tanimoto_A_sd	parent_tanimoto_B_mean	parent_tanimoto_B_sd	parent_protrude_A_mean	parent_protrude_A_sd	parent_protrude_B_mean	parent_protrude_B_sd	parent_strict_dual	anchor_tanimoto_A_mean	anchor_tanimoto_A_sd	anchor_tanimoto_B_mean	anchor_tanimoto_B_sd	anchor_protrude_A_mean	anchor_protrude_A_sd	anchor_protrude_B_mean	anchor_protrude_B_sd	anchor_strict_dual	connected_tanimoto_A_mean	connected_tanimoto_A_sd	connected_tanimoto_B_mean	connected_tanimoto_B_sd	connected_protrude_A_mean	connected_protrude_A_sd	connected_protrude_B_mean	connected_protrude_B_sd	connected_strict_dual
x0874_x1093	x0874	x1093	1101	0.0	10	9	9	8	0.8888888888888888	8	0.8888888888888888	8	1.0	1	0	1	0	0	1.2222222222222223	1.0	0.6666666666666666	1.0	3.0	0.9841269841269841	1.0	0.04761904761904763	0.8571428571428571	1.0	0.8888888888888888	1.0	0.3333333333333333	0.0	1.0	1.5862376871074524	1.5862376871074524	0.0	1.5862376871074524	1.5862376871074524	1.043577425728587	1.043577425728587	0.0	1.043577425728587	1.043577425728587	0.5466813417111951	0.08706354472409712	0.7897268280851399	0.043113877495797565	0.21232782183042198	0.1061955869765551	0.5736363240114305	0.06643656893180595	0	0.5600088327258443	0.10852722746149551	0.7939810821092799	0.04923502407853915	0.2429929539662368	0.13660716862700145	0.5849062734863678	0.08506946807575719	0	0.535845343118399	0.08634344068326974	0.7844720477419928	0.042899110675165754	0.21428287823417297	0.11335457635688846	0.5653552514097163	0.06587114885911177	0	0.535845343118399	0.08634344068326974	0.7844720477419928	0.042899110675165754	0.21428287823417297	0.11335457635688846	0.5653552514097163	0.06587114885911177	0
x0874_x1093	x0874	x1093	1101	20.0	10	10	10	1	0.1	9	0.9	9	1.0	9	0	2	7	0	6.2	6.0	3.155242550986462	1.0	11.0	0.6051392810088463	0.5456349206349207	0.1557385298836862	0.5	1.0	0.5551392810088462	0.5456349206349207	0.24685346265476624	0.0	1.0	1.897990458604062	2.0607855298405013	0.6723100076816753	0.317579911203465	2.534078925369136	1.17310454171691	1.303199918107718	0.39093982107410913	0.20893415210754276	1.4908161824035966	0.618179461677799	0.11968330912429082	0.7460973638492002	0.08360734852876889	0.2756924254834818	0.11291906598434577	0.5070525638280182	0.10158142050159241	0	0.4692964128486046	0.08500023358850588	0.7745521154720915	0.0431254212174978	0.1912259379362286	0.157711480212381	0.5118263437627297	0.07089281968930104	0	0.4648416063471716	0.08890956100445281	0.7651515161737117	0.03313759864469796	0.21122482492290068	0.1532400917080411	0.5084749064771512	0.07434819692027912	0	0.43242450894165935	0.0	0.811736832513213	0.0	0.010730710270822688	0.0	0.47536820721178263	0.0	0
x0874_x1093	x0874	x1093	1101	50.0	10	10	10	1	0.1	9	0.9	8	0.8888888888888888	9	0	5	3	1	6.0	5.5	3.2998316455372216	1.0	12.0	0.6132149653888784	0.5833333333333333	0.2206279752223389	0.30434782608695654	1.0	0.5632149653888784	0.5833333333333333	0.2936939632499675	0.0	1.0	1.4880941574851263	1.8601843994615153	1.2505107459618097	0.1906331555632424	3.446007254780523	0.867152020305356	1.0277261875477985	0.7029201968587995	0.1308995618436463	1.9359591318991702	0.5982418375219692	0.11677763184314185	0.7088133453875237	0.06947472413208869	0.2591305654837259	0.11010709941289953	0.4457085232831436	0.07469352748744959	0	0.5116914339543871	0.1932639704151377	0.7687877605734129	0.07617438902037685	0.24028868136324583	0.29012175971542875	0.4926084424266858	0.07983950174751464	1	0.45013242434678324	0.10221161937077668	0.7510951662089277	0.06233445646845593	0.16055145314572808	0.15286938160390537	0.47581920274126893	0.07691584192068487	0	0.43242450894165935	0.0	0.811736832513213	0.0	0.010730710270822688	0.0	0.47536820721178263	0.0	0
x0874_x1093	x0874	x1093	1101	100.0	10	10	10	1	0.1	8	0.8	7	0.875	9	0	8	1	0	5.7	6.0	2.406010991015812	1.0	9.0	0.5649356923269967	0.48214285714285715	0.19598858529237495	0.4	1.0	0.4570785494698538	0.45436507936507936	0.31917351976830166	0.0	1.0	0.7238264154898868	0.25703307180205476	0.8306588410827548	0.04949747468305967	2.3489225189435285	0.4922849795928561	0.16910070513293077	0.5766272063529632	0.03256412808096031	1.6541707879884004	0.5982528405775493	0.09469306881060714	0.6947589031152608	0.06966084460285651	0.2514578625835341	0.10970947120551273	0.4210767666039052	0.09188009789876883	0	0.48288173572884047	0.19107660706862095	0.782645137391268	0.07508768466663313	0.1829503988040104	0.2974115553723219	0.5120739903717381	0.07237116804061049	1	0.40540981429798306	0.049587234997025595	0.7573987332444693	0.06406542803717537	0.10383518890443766	0.08882340360205905	0.481153716077618	0.043489299307166655	0	0.43242450894165935	0.0	0.811736832513213	0.0	0.010730710270822688	0.0	0.47536820721178263	0.0	0
x0874_x1093	x0874	x1093	1101	200.0	10	10	10	1	0.1	9	0.9	9	1.0	9	0	7	1	1	6.1	6.0	2.766867462592951	1.0	10.0	0.5645032101553841	0.5	0.187507664077238	0.391304347826087	1.0	0.514503210155384	0.5	0.25947282601131966	0.0	1.0	0.7066336003213981	0.19348901777620367	1.1151655479160578	0.0467974358271904	3.2063555635643413	0.4648905265272356	0.12729540643171294	0.7336615446816169	0.030787786728414736	2.1094444497133824	0.5964992554524696	0.09463797823870167	0.6913000683665146	0.08817121879146626	0.2586520356813481	0.11823458207153464	0.4263900961147369	0.12431110890106332	0	0.4045276258557883	0.08260390389184101	0.7561275010141227	0.06158669356436755	0.12190116989341565	0.10244297649568822	0.47577118947904173	0.03460282995883705	0	0.3929586409310055	0.07855326007434858	0.7446765657277076	0.05283835575802356	0.13433003913470676	0.10034201496888344	0.4683777353634168	0.027056694716962117	0	0.43242450894165935	0.0	0.811736832513213	0.0	0.010730710270822688	0.0	0.47536820721178263	0.0	0
x0874_x1093	x0874	x1093	2202	0.0	10	10	10	9	0.9	10	1.0	10	1.0	1	0	1	0	0	1.1	1.0	0.31622776601683794	1.0	2.0	0.9888888888888889	1.0	0.03513641844631534	0.8888888888888888	1.0	0.9888888888888889	1.0	0.03513641844631534	0.8888888888888888	1.0	1.5742671310803622	1.5742671310803622	0.0	1.5742671310803622	1.5742671310803622	1.035702059921291	1.035702059921291	0.0	1.035702059921291	1.035702059921291	0.5759019011790096	0.0989226525898423	0.7863956105981781	0.06455139400860017	0.26077939675566325	0.10285654994185577	0.5775447426647558	0.08007164311295488	0	0.572983917791703	0.10216856861466307	0.7852983201904029	0.06541347903924044	0.26239594364071617	0.10235327658722942	0.5736644896988576	0.08050814626473897	0	0.572983917791703	0.10216856861466307	0.7852983201904029	0.06541347903924044	0.26239594364071617	0.10235327658722942	0.5736644896988576	0.08050814626473897	0	0.5856274354185378	0.09972366776292033	0.7909523035422276	0.06673944828895274	0.2647820296923222	0.10826664563426655	0.5765078251322567	0.08485756040274739	0
x0874_x1093	x0874	x1093	2202	20.0	10	10	10	1	0.1	8	0.8	8	1.0	9	0	3	4	2	6.4	4.5	5.081557066709201	1.0	18.0	0.6115002860919376	0.6079854809437386	0.23472403824782695	0.24324324324324326	1.0	0.5482870728787245	0.6079854809437386	0.33641828790685213	0.0	1.0	2.1759310650157655	2.157800963944544	0.6238410256922651	1.3438772265352208	3.2779542400710846	1.4310947452670888	1.3314599026831646	0.38617970032433047	0.9463924130529724	2.2299008435857717	0.6034000395859052	0.11078773889580362	0.7154750800953574	0.049622435392678105	0.26824051767017	0.11295221619133713	0.45068773168874005	0.07090133218733574	0	0.466218941046304	0.0734164519117332	0.7756717184914403	0.0857571600828477	0.1686021546107141	0.08115341293308176	0.5084063762198094	0.09360513120752995	0	0.44723887559899217	0.06912008993920458	0.7565208843802927	0.08578909744177345	0.15640723276024304	0.08691089907207548	0.4822126950252159	0.08505976783365518	0	0.45174825174825173	0.0	0.7840101985066472	0.0	0.09133055169216504	0.0	0.4460532461466604	0.0	0
x0874_x1093	x0874	x1093	2202	50.0	10	10	10	1	0.1	9	0.9	9	1.0	9	0	6	1	2	6.4	6.0	3.977715704047013	1.0	14.0	0.5924583228666713	0.602852852852853	0.20564658816058154	0.3103448275862069	1.0	0.5614238401080507	0.602852852852853	0.2671666400317033	0.0	1.0	1.7001639619872781	1.580616651816627	1.2133969631388923	0.2812418887719256	3.5873625409205574	1.080136200865744	1.0398793761951493	0.7699377193506316	0.18502755840258261	2.360106934816156	0.5955845934004792	0.1007553842198898	0.6784031813097492	0.04661570535627898	0.2529233569202372	0.09095496314351464	0.3898581805105669	0.0818575518724085	0	0.47565386361276324	0.18591151499818456	0.7428045893411802	0.05790214470039418	0.1870623213301113	0.27637986394528236	0.41456712144110835	0.09614257312277684	1	0.41944507482876087	0.0577919851595665	0.7481170183759495	0.05877281902131411	0.10264405057262226	0.07590492684774264	0.442992439932973	0.036177796155345186	0	0.45174825174825173	0.0	0.7840101985066472	0.0	0.09133055169216504	0.0	0.4460532461466604	0.0	0
x0874_x1093	x0874	x1093	2202	100.0	10	10	10	1	0.1	8	0.8	6	0.75	9	0	8	1	0	6.9	6.0	3.665151201974256	1.0	15.0	0.5275668725850214	0.475	0.18410284468316598	0.35135135135135137	1.0	0.4033569259612817	0.42206477732793524	0.29792250881925714	0.0	1.0	0.5267392099394484	0.11275637454263934	0.848501932998041	0.023259406699226565	2.3772610289995506	0.3363923172389387	0.08230392302382433	0.5242856161509184	0.01582272564573236	1.3902111280699128	0.5835672146269764	0.105872980000773	0.6906192493391454	0.05533913797854031	0.2495651300722313	0.08167832299983556	0.41228755337304696	0.05876454924128935	0	0.5269863513473193	0.2470631466983516	0.7838186198936231	0.0471810998593758	0.24645114657047537	0.37451788124643565	0.47918568500982	0.05983833664984118	2	0.39132907574759357	0.05227310876627918	0.7802732542378621	0.017145145828745247	0.09694770452498024	0.07436310514995385	0.48497777552068766	0.042912153772178434	0	0.45174825174825173	0.0	0.7840101985066472	0.0	0.09133055169216504	0.0	0.4460532461466604	0.0	0
x0874_x1093	x0874	x1093	2202	200.0	10	10	10	1	0.1	10	1.0	8	0.8	9	0	7	1	1	6.6	6.5	3.238655413730965	1.0	11.0	0.5322335673787579	0.5075075075075075	0.22757678753230695	0.2692307692307692	1.0	0.505206540351731	0.4619883040935673	0.2519258093470608	0.1891891891891892	1.0	0.8998454121656395	0.31545998161414984	1.1242729933072335	0.04872371086031968	3.2356682462823656	0.6101474585524329	0.20753946158825648	0.7680344658882905	0.03205507293442084	2.201134861416575	0.6375066749539667	0.10794028979143688	0.7494464769283508	0.04351900771473857	0.3322058357876417	0.10461736212430296	0.5126404850948835	0.05339051829177998	0	0.5361972020789092	0.24055879180295858	0.8053234614864953	0.028950299156938867	0.24651997040765367	0.38896232691000415	0.5008721319341257	0.07777731568192885	2	0.4250367889387215	0.027553900090126853	0.7961710708077785	0.013181947888374295	0.07091368157206498	0.06643574809574171	0.4803453336742931	0.042179252208748484	0	0.45174825174825173	0.0	0.7840101985066472	0.0	0.09133055169216504	0.0	0.4460532461466604	0.0	0
x0874_x1093	x0874	x1093	3303	0.0	10	9	9	9	1.0	9	1.0	9	1.0	0	0	0	0	0	1.0	1.0	0.0	1.0	1.0	1.0	1.0	0.0	1.0	1.0	1.0	1.0	0.0	1.0	1.0											0.6092784585187663	0.05511798989868571	0.8235484574461687	0.049665953822919946	0.3146493970368808	0.09439622850218106	0.6461273650500733	0.08320720597023579	0	0.6092784585187663	0.05511798989868571	0.8235484574461687	0.049665953822919946	0.3146493970368808	0.09439622850218106	0.6461273650500733	0.08320720597023579	0	0.6092784585187663	0.05511798989868571	0.8235484574461687	0.049665953822919946	0.3146493970368808	0.09439622850218106	0.6461273650500733	0.08320720597023579	0	0.6092784585187663	0.05511798989868571	0.8235484574461687	0.049665953822919946	0.3146493970368808	0.09439622850218106	0.6461273650500733	0.08320720597023579	0
x0874_x1093	x0874	x1093	3303	20.0	10	9	9	0	0.0	9	1.0	9	1.0	9	1	0	7	1	6.666666666666667	6.0	3.7080992435478315	2.0	13.0	0.6313749687161665	0.6551724137931034	0.18269378755293103	0.2692307692307692	0.9090909090909091	0.6313749687161665	0.6551724137931034	0.18269378755293103	0.2692307692307692	0.9090909090909091	2.2722984572233003	2.085316762508757	0.46458617226859833	1.9909444994775716	3.435606205606226	1.415078849716124	1.3382395630515274	0.2176944492850913	1.22858287185516	1.8981249754730531	0.6436789244315148	0.11127628997101241	0.7615307717857019	0.0903939523392552	0.3202817396400189	0.09985656610777963	0.5215473688387701	0.16578305085137338	0	0.45866570547867325	0.08930817503185619	0.7532492329991031	0.08429884222984607	0.1710073824197885	0.11938892881232495	0.4922472537166742	0.0868322417746628	0	0.45866570547867325	0.08930817503185619	0.7532492329991031	0.08429884222984607	0.1710073824197885	0.11938892881232495	0.4922472537166742	0.0868322417746628	0									0
x0874_x1093	x0874	x1093	3303	50.0	10	10	10	0	0.0	10	1.0	9	0.9	10	0	3	3	4	6.2	6.0	3.2591750830880843	3.0	13.0	0.5609631898651862	0.5217785843920145	0.14839573733010944	0.34615384615384615	0.8181818181818182	0.5567965231985196	0.5217785843920145	0.1533981254362737	0.34615384615384615	0.8181818181818182	2.436170825237348	2.225983452582506	1.4813825412852895	0.07314369419163924	4.282921082625735	1.6333590313080193	1.5438771275360033	0.9974910111427135	0.04812085144186792	2.9135517568882547	0.6274829821817065	0.08577616948993601	0.7093797417959871	0.05973114164121387	0.31206506188964667	0.09647507647639637	0.45530067208282954	0.09637884752804775	0	0.4836749559451865	0.1812716018087001	0.7714262644182055	0.03985080633335144	0.22348767193028615	0.25359537990028597	0.4824111335445769	0.10048717607002723	1	0.4245501486846361	0.07440446819300552	0.7814161024178227	0.02969388652376311	0.1390018752633072	0.09992534973656075	0.5063853046267108	0.061103199453814545	0									0
x0874_x1093	x0874	x1093	3303	100.0	10	10	10	0	0.0	7	0.7	4	0.5714285714285714	10	1	8	1	0	7.0	6.5	2.260776661041756	3.0	10.0	0.48229361080540756	0.48684210526315785	0.10975634395634916	0.3333333333333333	0.6896551724137931	0.3120621181601218	0.3390804597701149	0.24435758770283109	0.0	0.6896551724137931	0.8380860430039538	0.28421004851474363	0.8898702680241124	0.05363767332761685	2.211910260385805	0.5033981730332544	0.18698029507548924	0.5141167104116073	0.035287942978695294	1.3470252496160364	0.6079234933912256	0.08608101521327866	0.6786655796849226	0.04268357909683139	0.27642045293711753	0.06217015737932418	0.3992646817219095	0.09127753867715528	0	0.6071186282689192	0.24913305997289859	0.7484654092638413	0.10921540796836789	0.306852895258435	0.4108792428424498	0.4118660051578918	0.12485378272035114	3	0.40792619119350076	0.05063468524914403	0.7438090757220583	0.09928584223202737	0.07959672888169816	0.0607375711115759	0.44407645263490086	0.06405114279226945	0									0
x0874_x1093	x0874	x1093	3303	200.0	10	10	10	0	0.0	9	0.9	7	0.7777777777777778	10	0	6	3	1	7.4	7.0	2.3664319132398464	4.0	12.0	0.4786511023761478	0.4655172413793104	0.13759141821083332	0.2916666666666667	0.7272727272727273	0.42175455065200984	0.4105263157894737	0.20428940326278733	0.0	0.7272727272727273	1.1432175168266299	0.8206442852451831	1.1154211507671052	0.033120990323357455	2.5318345127594704	0.7176193779367344	0.5398975560823573	0.704435196860491	0.02332464107278694	1.7829820512390637	0.6559626561205705	0.07498902395350687	0.7241390333729731	0.03856459429155764	0.3483184508446828	0.06460264618069066	0.47753460710165996	0.09105864425930206	0	0.5482925716151817	0.23948117742675992	0.7854556255079725	0.049720333906956335	0.25164063868316033	0.39852452556067586	0.455516288748672	0.06292972074220216	2	0.42610147638948714	0.029622363736370762	0.7752954677071695	0.04852531967913134	0.08914380277833692	0.10303654336820366	0.4698604324451704	0.020355930935649465	0									0
x0874_x1093	x0874	x1093	4404	0.0	10	9	9	4	0.4444444444444444	9	1.0	9	1.0	5	0	2	1	2	1.5555555555555556	2.0	0.5270462766947299	1.0	2.0	0.8277232351566153	0.8666666666666667	0.1929539052980702	0.5	1.0	0.8277232351566153	0.8666666666666667	0.1929539052980702	0.5	1.0	2.5732923399014904	2.612767306898951	0.9536656472555711	1.5975271515689486	3.9541297399048494	1.6821976399681042	1.5292228855269083	0.6486596861712968	1.0510047049795714	2.601401144674243	0.6378059006610842	0.12070318258512058	0.8216648105944001	0.04215590687926154	0.2663502950897465	0.06617143299953768	0.6166913101118102	0.06918569861305779	0	0.5672477220455582	0.13504783892969163	0.7948754353791005	0.05193673051237731	0.24402625551379512	0.07770729330299737	0.5874932256269021	0.06964898557326157	0	0.5672477220455582	0.13504783892969163	0.7948754353791005	0.05193673051237731	0.24402625551379512	0.07770729330299737	0.5874932256269021	0.06964898557326157	0	0.6208201335748784	0.13495925052762323	0.8137509802935922	0.030036252428690787	0.3041129908469239	0.025040233375323333	0.6141224190672592	0.06917228902038658	0
x0874_x1093	x0874	x1093	4404	20.0	10	9	9	0	0.0	9	1.0	9	1.0	9	0	2	6	1	6.222222222222222	6.0	3.073181485764296	2.0	11.0	0.5544713301001286	0.4782608695652174	0.16853868121457674	0.3181818181818182	0.8333333333333334	0.5544713301001286	0.4782608695652174	0.16853868121457674	0.3181818181818182	0.8333333333333334	1.9732124249165857	2.0249886419434557	0.6590900484183934	0.3484982065950986	2.6491179664182556	1.249811544912601	1.3176871184409689	0.41815483876193277	0.22927513591782803	1.80212106559065	0.6544868285134344	0.11432090634762374	0.7704242207619536	0.0744937546554435	0.29523023555107936	0.06578164069925785	0.5452488222693382	0.09999940783429495	0	0.45486616871591806	0.08781850039372464	0.7727114884083345	0.02830756694277158	0.20096464073389306	0.10005573265038882	0.5270080788564092	0.06803054037026296	0	0.45486616871591806	0.08781850039372464	0.7727114884083345	0.02830756694277158	0.20096464073389306	0.10005573265038882	0.5270080788564092	0.06803054037026296	0									0
x0874_x1093	x0874	x1093	4404	50.0	10	9	9	0	0.0	9	1.0	9	1.0	9	0	6	2	1	10.555555555555555	7.0	8.202303199576187	3.0	26.0	0.4850075320762558	0.52	0.1870587343911482	0.2028985507246377	0.75	0.4850075320762558	0.52	0.1870587343911482	0.2028985507246377	0.75	1.3890844124791186	1.1774909766108612	1.28139833068546	0.342493795564242	4.098294523335285	0.9389621456711147	0.774665116191356	0.8602266394857394	0.22532486550279077	2.696246396931109	0.6630264794343276	0.13991855825566912	0.7532020329511803	0.09620630511041235	0.26168750942388963	0.09766435856983378	0.4866763050697186	0.1081829052005676	0	0.4284160959647161	0.09675182974000025	0.7670206315713064	0.038795232995570285	0.19586657622359122	0.1471693335686782	0.514405163700626	0.07480376469852253	0	0.4284160959647161	0.09675182974000025	0.7670206315713064	0.038795232995570285	0.19586657622359122	0.1471693335686782	0.514405163700626	0.07480376469852253	0									0
x0874_x1093	x0874	x1093	4404	100.0	10	10	10	0	0.0	8	0.8	6	0.75	10	0	9	1	0	11.1	7.5	10.289692793168209	4.0	38.0	0.4923818975165399	0.46499999999999997	0.12135517654436732	0.30434782608695654	0.6666666666666666	0.36083756215733775	0.42954545454545456	0.26223350582388816	0.0	0.6666666666666666	0.5752573160110891	0.20892426261322386	0.7122398319353122	0.03162277660168413	1.9621684433299795	0.39000844683258884	0.1374501727718578	0.4873722230135171	0.020804458290581664	1.3818087629084363	0.6513236867461929	0.1307516344008457	0.703579039074765	0.09744041448693509	0.2716218956130715	0.05411160692796867	0.4280322031041205	0.09877053766482319	0	0.5608368109538311	0.28359065338597617	0.7808849738050305	0.08833252479328743	0.35075128026573926	0.4043483477380355	0.5475046977841869	0.15733783289890155	3	0.38208725378429803	0.041879607096729624	0.762897843271225	0.04445994919890576	0.09236487126231692	0.08963115140930676	0.4723728491861139	0.0230573612241221	0									0
x0874_x1093	x0874	x1093	4404	200.0	10	10	10	0	0.0	9	0.9	6	0.6666666666666666	10	0	6	4	0	11.4	6.5	11.276327219248099	5.0	40.0	0.41641309306246194	0.45227272727272727	0.10216612059874058	0.2463768115942029	0.5333333333333333	0.3422429200844348	0.41944444444444445	0.1835327479650961	0.0	0.5333333333333333	1.3681148978563715	1.730521147523296	0.8652157895663626	0.019416487838947175	2.1824614544133425	0.8922450240498768	1.092807237673912	0.5606504318379469	0.013673582985174067	1.4358299042193043	0.700852233317063	0.11686784735676711	0.7367516021152799	0.09588424884523897	0.34275916068961465	0.04367378086932485	0.4786213662615559	0.12361730781074537	2	0.6251656799710115	0.25398769481456046	0.7950089508426895	0.09252504794556703	0.3676131762730016	0.4098651843338639	0.49919185019629886	0.20891974116214312	2	0.45652984552163717	0.09071659265137225	0.7684672456467627	0.05261269270960959	0.09817682862623758	0.12361636737839977	0.45004436822969585	0.024870621736231262	0									0
x0874_x1093	x0874	x1093	5505	0.0	10	9	9	6	0.6666666666666666	9	1.0	9	1.0	3	0	1	1	1	1.3333333333333333	1.0	0.5	1.0	2.0	0.9006769374416433	1.0	0.16730980119780892	0.5882352941176471	1.0	0.9006769374416433	1.0	0.16730980119780892	0.5882352941176471	1.0	2.2969358505581075	2.3524638148120363	0.7389533460451728	1.5317849065714164	3.0065588302908695	1.5603930982155254	1.6020017829590192	0.5330548664569568	1.0077532280075108	2.071424283680046	0.5615758143085474	0.10165157321913205	0.8074779939747873	0.045978090081094	0.25320486144349746	0.10441102841407306	0.5978106414701859	0.10247022429952725	0	0.5198254833486835	0.11928453140974443	0.7955611554589266	0.04552258566157075	0.22510565068235497	0.11974142105769556	0.5673123697679663	0.11090070329879459	0	0.5198254833486835	0.11928453140974443	0.7955611554589266	0.04552258566157075	0.22510565068235497	0.11974142105769556	0.5673123697679663	0.11090070329879459	0	0.5468757559458468	0.09208730636158478	0.8025023550800996	0.03905346510687153	0.21862322965544737	0.10859953613366799	0.568241693753034	0.09816049897539846	0
x0874_x1093	x0874	x1093	5505	20.0	10	10	10	0	0.0	9	0.9	9	1.0	10	0	3	6	1	6.2	4.5	3.794733192202055	2.0	13.0	0.6228608481600809	0.6635294117647059	0.1745891622773062	0.391304347826087	0.9	0.5761941814934143	0.6635294117647059	0.2616430172588309	0.0	0.9	2.026435448880976	2.2504996757684816	0.8118534839889887	0.0777881739083784	3.292116948104971	1.2354815548339861	1.2735224454875547	0.46352932547279047	0.05478040416082986	1.8188491425994315	0.6185322949880798	0.11283876968518324	0.7266098933710939	0.06747423887115986	0.29590785011923587	0.08309554844837379	0.47681476467847317	0.1132698390703002	0	0.4508824981618888	0.09444546809342137	0.7719797023236232	0.05009978037456214	0.1786530221689276	0.11732096951026919	0.5003372503211099	0.0886343819856858	0	0.44174796174115527	0.09537422344671777	0.7626917440059815	0.04304929829319483	0.18526755162622047	0.12244397136381399	0.49214750006607416	0.08990828813176306	0									0
x0874_x1093	x0874	x1093	5505	50.0	10	10	10	0	0.0	9	0.9	7	0.7777777777777778	10	0	3	3	4	5.7	5.0	3.7133393177689658	2.0	12.0	0.6047004397279333	0.5635294117647058	0.18527992101693108	0.3939393939393939	0.9	0.5382182262891981	0.5635294117647058	0.28073885206023663	0.0	0.9	2.264934047879006	2.3408508161675963	1.3992202426742382	0.07475292636412355	4.225127808717744	1.5216034323556178	1.4934246739046277	0.947228437330926	0.050852330859947996	2.779689347840621	0.5682208239718424	0.1149149053869603	0.6768740880499456	0.05097563438492119	0.23863296117777713	0.07441593806860282	0.3974936451907421	0.07226936327937819	0	0.4935122988593586	0.2477963893414818	0.7516206222274959	0.058872177067862685	0.25772274750674523	0.34535451323074806	0.45597240124873906	0.056671323537102906	2	0.3649191227568219	0.04011474483586389	0.7543501280212699	0.03897942045164866	0.09748852709435755	0.06796163588781869	0.46319581660317427	0.03590028720375473	0									0
x0874_x1093	x0874	x1093	5505	100.0	10	10	10	0	0.0	9	0.9	6	0.6666666666666666	10	0	6	2	2	5.8	6.5	2.859681411936962	2.0	10.0	0.583304252794662	0.5278787878787878	0.18556980128187914	0.391304347826087	0.9	0.4782449642571126	0.45089285714285715	0.2917739887208123	0.0	0.9	1.3373891187136238	0.37715319232581035	1.4072464228439547	0.06282515419797957	3.559786089078949	0.8554611757254607	0.26104068691515203	0.9022990674517333	0.041332338288144456	2.421623189849625	0.5719611639037288	0.10827664570678106	0.6853915677787019	0.05679523178271643	0.2596361550719455	0.04408637883983709	0.421062081415019	0.03461215451397642	0	0.563997220020065	0.24133059271819174	0.7703645410615199	0.05262602359760304	0.2973092188072889	0.35834971072480104	0.4802266079648761	0.05946928369057185	3	0.4111553873161953	0.03728689523760417	0.7766304466759287	0.04915650696993697	0.06493898185471884	0.08466855305029872	0.4597476474591946	0.023984668585226254	0									0
x0874_x1093	x0874	x1093	5505	200.0	10	10	10	0	0.0	10	1.0	9	0.9	10	0	7	1	2	6.0	6.0	2.581988897471611	3.0	10.0	0.5691664055609068	0.5479166666666666	0.18499835283838953	0.30434782608695654	0.8181818181818182	0.5267421631366644	0.5019607843137255	0.21421358859646503	0.21212121212121213	0.8181818181818182	1.2009019897947717	0.29269378251359995	1.422159785876147	0.035256205127608756	3.736110544403098	0.777679699781239	0.20168070211248482	0.9271553066821675	0.023194871794479443	2.457967463423091	0.6153035406540858	0.11300119752413194	0.7113951605405021	0.06267025806553472	0.31403930547163444	0.07792010625605003	0.45915760434153774	0.07176752304987717	0	0.4685726089945862	0.17793433013962814	0.7865137042465137	0.0423983528399163	0.1657458942858442	0.2770539378747483	0.49095908478421874	0.10712072023466306	1	0.41439891030414105	0.029884884830197144	0.7789707128384913	0.02702883498388894	0.07439770161012113	0.07657434081280566	0.45933416960646845	0.02224565393979688	0									0
x0434_x1093	x0434	x1093	1101	0.0	10	8	8	5	0.625	8	1.0	7	0.875	3	0	1	1	1	1.375	1.0	0.5175491695067657	1.0	2.0	0.9087301587301587	1.0	0.16676112213849756	0.5555555555555556	1.0	0.8948412698412699	1.0	0.20140599270554796	0.4444444444444444	1.0	4.597754781852972	2.027256520522257	4.869128150800941	1.5525520925237901	10.21345573251287	3.043669656858165	1.333721395080432	3.1721656512655816	1.093346544030838	6.703941031463225	0.6622789980351264	0.08049992174419002	0.7648996830020172	0.0658576847290117	0.3969102769544298	0.10653242151259219	0.5586753844838277	0.10760664026853492	0	0.6919980289611667	0.1379930500732295	0.7875380281216741	0.10147782121850565	0.47357461318240335	0.22591739394638302	0.6117587573037696	0.1796115250230731	0	0.6219180096057151	0.1071944591884337	0.7430633457448071	0.07683497978040366	0.3720177729063601	0.1371731642046659	0.5292418996216149	0.13906518143726343	0	0.6511201501829653	0.07630301904186372	0.7718069791214315	0.05545195402319579	0.4237935860347941	0.08661295339888263	0.5780336998485107	0.0997752285103751	0
x0434_x1093	x0434	x1093	1101	20.0	10	9	9	0	0.0	9	1.0	8	0.8888888888888888	9	0	3	5	1	5.777777777777778	4.0	3.3458099833141217	3.0	11.0	0.6738901440969525	0.6956521739130435	0.18028474116524762	0.4117647058823529	0.875	0.6738901440969525	0.6956521739130435	0.18028474116524762	0.4117647058823529	0.875	1.809161641437895	2.1114310313150186	0.9329721590398397	0.1494724054800756	2.5990171219135902	1.1868476573073778	1.4359210618307128	0.6089368550913763	0.10526225738033493	1.7967411097189527	0.690934802745577	0.11060574629109343	0.7718576484172256	0.07788959327481491	0.42001029999946243	0.08651316060340063	0.5604092340246781	0.11191826981724476	0	0.66920557751204	0.15197683155740208	0.77185789939973	0.10490315678179575	0.4599737197572845	0.20879546821434572	0.5712247916782995	0.1900425884167059	0	0.6208885964626889	0.10284234103208748	0.7462154862413372	0.06556200429060155	0.35902240669251917	0.17601078996077593	0.49909314483565304	0.14035158626763222	0									0
x0434_x1093	x0434	x1093	1101	50.0	10	10	10	0	0.0	10	1.0	8	0.8	10	1	5	4	0	9.2	9.5	4.1041983924323695	3.0	15.0	0.4542911235792001	0.43504901960784315	0.13773352332665384	0.25925925925925924	0.75	0.4508428477171312	0.43504901960784315	0.14210019796990903	0.25925925925925924	0.75	1.436790110211439	2.004659469822548	1.0536764099510498	0.10791663449162928	2.5502692014765804	0.8912894144104752	1.0798135994744964	0.6603873072673928	0.0709977858497561	1.6560490620742605	0.6566452058935405	0.12904400276148922	0.7357045793335701	0.08905078170193008	0.35330278417007477	0.1192658216281547	0.4981450218690927	0.12868365622105069	0	0.6081250897931705	0.15031102618472678	0.7448513688905616	0.08529741409086541	0.26772989166937966	0.24428923507616293	0.3969419543590476	0.1737979301065048	2	0.5544294549532652	0.07417695821226578	0.7383500693035772	0.053359548588545816	0.16687080025023393	0.11456948618585969	0.3757746548745238	0.0804801741897634	0									0
x0434_x1093	x0434	x1093	1101	100.0	10	10	10	0	0.0	10	1.0	9	0.9	10	0	8	2	0	9.0	8.5	3.681787005729087	4.0	14.0	0.4529778446444378	0.4236111111111111	0.16573920471171388	0.25925925925925924	0.75	0.4529778446444378	0.4236111111111111	0.16573920471171388	0.25925925925925924	0.75	0.664601290169144	0.33335857590043716	0.7955661332280632	0.17806178702910955	2.346900509182268	0.4639107561002193	0.21931485256607708	0.5795863575795449	0.11714591251915102	1.713066065096546	0.6114009803592776	0.12210690487376147	0.7039442801705132	0.07697034643587226	0.29618634814248596	0.11507974282582907	0.456482707689357	0.09195126820948729	0	0.5765046262323903	0.059756311653651105	0.7455753842005245	0.026411860699085993	0.1772728457035768	0.15713885070927391	0.38098961164765044	0.1002701258967384	0	0.5619254472380776	0.04396886856647749	0.7465325143633977	0.025559291292528197	0.15726092299730782	0.141915426620499	0.38303355311567755	0.09967309570756157	0									0
x0434_x1093	x0434	x1093	1101	200.0	10	10	10	0	0.0	9	0.9	6	0.6666666666666666	10	0	7	3	0	7.2	7.5	2.6161889160464775	4.0	11.0	0.48946673255342454	0.4907635467980296	0.1678310387446789	0.25925925925925924	0.75	0.4133953039819959	0.3843167701863354	0.22854613615941832	0.0	0.75	1.0792037818382443	1.00789276638915	0.9092292812328179	0.15338187637397177	2.1839134598239016	0.7322148482414106	0.6900748420879385	0.6225569748577802	0.10090912919340247	1.4856554148461916	0.5909709358520756	0.1094878517892137	0.6937665238426187	0.0770349560294795	0.2746550002728473	0.07857322441019021	0.44664579200507615	0.06160865256101364	0	0.5783782087979469	0.1801083119090905	0.7171577951232067	0.09410394478854221	0.25185935666202786	0.1988535683143961	0.36094458593443024	0.1353008324619192	1	0.5026885609478943	0.11310996803196853	0.7057720424329867	0.08436033289144523	0.13162684294467786	0.13524676310788866	0.34701855897851913	0.07514146535372708	0									0
x0434_x1093	x0434	x1093	2202	0.0	10	7	7	5	0.7142857142857143	5	0.7142857142857143	5	1.0	2	0	2	0	0	2.142857142857143	1.0	2.0354009783964297	1.0	6.0	0.8550543024227235	1.0	0.28078223922720497	0.2631578947368421	1.0	0.7142857142857143	1.0	0.4879500364742666	0.0	1.0	0.2545153475666282	0.2545153475666282	0.07126623117632876	0.20412251223223798	0.3049081829010184	0.15137434304119995	0.15137434304119995	0.02415931656595933	0.13429112646857763	0.1684575596138223	0.6700825759176628	0.0953143509082717	0.7675716044003296	0.07237029981448376	0.4123933659586336	0.08622781258675247	0.5522094016786424	0.11967233314072992	0	0.7238162948559913	0.06929941033187424	0.817000828924124	0.04150771213916308	0.4134072210419074	0.08476495320459046	0.5801355038882429	0.082329198098823	0	0.715879160324676	0.06419971621967269	0.8078285807033568	0.0269604805655134	0.4442163753967396	0.07841984217411074	0.6117408934575846	0.07607435274472807	0	0.715879160324676	0.06419971621967269	0.8078285807033568	0.0269604805655134	0.4442163753967396	0.07841984217411074	0.6117408934575846	0.07607435274472807	0
x0434_x1093	x0434	x1093	2202	20.0	10	9	9	1	0.1111111111111111	9	1.0	8	0.8888888888888888	8	0	3	4	1	5.444444444444445	6.0	2.697735676039774	1.0	9.0	0.6500514187850345	0.5789473684210527	0.22097719350715644	0.35	1.0	0.6308943306624291	0.5789473684210527	0.24963456161596487	0.2413793103448276	1.0	1.8314689288509665	1.9785866995959571	0.6595300817603782	0.37122769293251723	2.6759007829140464	1.2239798298180293	1.3015503700022597	0.44418325974273265	0.25253584553232467	1.8203406686490111	0.6311635915525952	0.14065143912779166	0.7300989508202707	0.09519457153806202	0.3601055527848229	0.11140162429992849	0.5149880059322254	0.13056296657314528	0	0.5974452493659549	0.17489581613840924	0.7347387978191847	0.11323570342586683	0.35144569088926253	0.25438571273001936	0.47909615585725696	0.19516352693215902	0	0.5522657880986306	0.11397445852780773	0.7121972148035867	0.07640403849095743	0.25334723526501457	0.1830701854215696	0.4131659760305017	0.12078059558390149	0	0.3464861078683166	0.0	0.5602431834929993	0.0	0.14872262773722628	0.0	0.27225609756097563	0.0	0
x0434_x1093	x0434	x1093	2202	50.0	10	10	10	0	0.0	10	1.0	9	0.9	10	0	7	3	0	6.3	5.5	2.6687491868330793	3.0	11.0	0.5477984712739704	0.5	0.17746097684889864	0.2413793103448276	0.75	0.5477984712739704	0.5	0.17746097684889864	0.2413793103448276	0.75	1.4470657961655449	1.7710264455232871	0.824811009711907	0.27467071194432097	2.479737687740378	0.9292397151485904	1.173241465158347	0.513024659270358	0.18070441575284274	1.4902703848537775	0.5782568762242968	0.12454007768232486	0.6858344085824972	0.0812877615871355	0.29767517246869096	0.08625807085350082	0.4600892151825478	0.09454672797310164	0	0.5786716683096185	0.16273142629800297	0.7292482689444131	0.10209031076398135	0.27880557471883194	0.2609857894727091	0.42832856694001803	0.1997854566117617	1	0.5333505212964303	0.07135692413868425	0.7060400820254431	0.04834401111366487	0.1805654836464471	0.1025854373006325	0.3619952776818976	0.0669902680362691	0									0
x0434_x1093	x0434	x1093	2202	100.0	10	9	9	0	0.0	9	1.0	8	0.8888888888888888	9	0	8	1	0	6.777777777777778	7.0	2.1081851067789197	4.0	10.0	0.5155262612108751	0.46153846153846156	0.13344138463317978	0.4	0.75	0.4925377554637486	0.46153846153846156	0.1613732153187897	0.2413793103448276	0.75	0.44127066099042106	0.27039600588766133	0.6593299471567416	0.012449899597988869	2.1813860272771537	0.29448667811214274	0.17872955009612174	0.432671302162306	0.008469319454414197	1.4351223863665485	0.5470346738441985	0.11799126753180618	0.6734451743135849	0.07814538150566475	0.2630634197141905	0.09726400251919366	0.4430780515556183	0.10112701454489141	0	0.5724612577642181	0.16281373741093058	0.7288073361259144	0.1104571107347892	0.23050920431408972	0.25746030741135995	0.40414010120460125	0.1771098228424196	1	0.5273642735200924	0.08184135627552988	0.7083739189973485	0.07830912066949419	0.13205988448137349	0.08688789651869419	0.34183274189724194	0.03964389303946141	0									0
x0434_x1093	x0434	x1093	2202	200.0	10	8	8	0	0.0	8	1.0	7	0.875	8	0	7	1	0	6.5	6.0	1.4142135623730951	5.0	9.0	0.4915436386057983	0.48684210526315785	0.04980081086687469	0.41379310344827586	0.5833333333333334	0.46750517706733674	0.48684210526315785	0.09354965489347304	0.2692307692307692	0.5833333333333334	1.160274954901263	1.5360450825596577	0.8896052280350433	0.10810180387024135	2.256689167785409	0.786050497178669	1.0817218891265195	0.598519640059454	0.07111960780936931	1.484663926174611	0.5431281941505378	0.0884777311708962	0.6663795558749858	0.0726134862568446	0.26402754741635587	0.08652352599355043	0.44943101294326554	0.0766109796601283	0	0.5463417015870768	0.06893098499369242	0.7282928467520445	0.02662792613627054	0.1323215514748772	0.14494885098946048	0.3348638989186118	0.06174313033015148	0	0.5266639029730356	0.03199331378129711	0.7357861388290532	0.026164970966676252	0.08426313745837667	0.10302215810764491	0.33263175178879556	0.06226605523047661	0									0
x0434_x1093	x0434	x1093	3303	0.0	10	10	10	9	0.9	10	1.0	10	1.0	1	0	1	0	0	1.1	1.0	0.31622776601683794	1.0	2.0	0.9961538461538462	1.0	0.01216260638526299	0.9615384615384616	1.0	0.9961538461538462	1.0	0.01216260638526299	0.9615384615384616	1.0	1.6156169100377713	1.6156169100377713	0.0	1.6156169100377713	1.6156169100377713	1.0629058618669547	1.0629058618669547	0.0	1.0629058618669547	1.0629058618669547	0.6805734328550186	0.08687567497170082	0.7871734195413455	0.054001132519166606	0.42288741753584347	0.10878814887795223	0.5841024247763151	0.10316555679954947	0	0.6798118297986221	0.08584622316170572	0.7867464090162469	0.0533047197892127	0.42257806267475095	0.10842607021467475	0.5839958441334863	0.10300691981383653	0	0.6798118297986221	0.08584622316170572	0.7867464090162469	0.0533047197892127	0.42257806267475095	0.10842607021467475	0.5839958441334863	0.10300691981383653	0	0.6685193016857528	0.08280191654935402	0.778209642663257	0.048751492525049324	0.4100210222715838	0.10701330559092222	0.5687055507802227	0.09647049639087207	0
x0434_x1093	x0434	x1093	3303	20.0	10	10	10	1	0.1	10	1.0	8	0.8	9	0	2	7	0	4.8	4.0	3.6453928305312844	1.0	12.0	0.7180376640902957	0.75	0.2044536017150002	0.41379310344827586	1.0	0.6834222794749111	0.75	0.24835440832995376	0.2692307692307692	1.0	1.9875923659520969	2.1731658933454656	0.6990563533507598	0.3720671982317169	2.8267311509940245	1.3028640110703198	1.4560795282111825	0.4437587529444783	0.25310693757259656	1.7148493108992422	0.6789274651378157	0.09928480214271611	0.7785977613026779	0.06511111988766266	0.40641861392794537	0.1055251407460767	0.5577549784676583	0.12543138414405994	0	0.7038880018828336	0.15243877112402215	0.8039477863411127	0.09935053455608131	0.5041003301984858	0.26219516211587995	0.6138498899226014	0.20213918127070224	1	0.6188287890401324	0.05176876461557598	0.7586725460502483	0.026387159226842198	0.3248872021759528	0.17030117263834374	0.48819089599893556	0.11283315917346784	0	0.6412850550230742	0.0	0.7749341912840012	0.0	0.4682978163641147	0.0	0.6004672897196262	0.0	0
x0434_x1093	x0434	x1093	3303	50.0	10	10	10	0	0.0	10	1.0	9	0.9	10	0	5	3	2	6.6	5.5	4.351245032554859	2.0	14.0	0.5839526384081738	0.6833333333333333	0.23276759877144906	0.27586206896551724	0.9090909090909091	0.5762603307158661	0.6833333333333333	0.2425642340368624	0.2692307692307692	0.9090909090909091	1.6089987613914187	1.5302266729781628	1.391646301583879	0.17184586116633824	3.6529630438864285	1.0288601547477432	1.0634328385580458	0.8764533318100141	0.11305648760943304	2.572509185835513	0.647308611341094	0.10987181070950759	0.7489583042263773	0.08053927271706934	0.36694494102533226	0.1149645586755564	0.5199613835633647	0.13010621302632758	0	0.6107618861761739	0.14379107033486255	0.7594790452112337	0.0938425036687987	0.2974937698259123	0.2644613147430124	0.4598119237225028	0.20105770202503523	0	0.566578190115998	0.05154988395030615	0.7354071643151734	0.04324454616072705	0.20084567745094786	0.12833298434550952	0.39106142252857584	0.07961489413723118	0									0
x0434_x1093	x0434	x1093	3303	100.0	10	10	10	0	0.0	9	0.9	7	0.7777777777777778	10	0	6	1	3	6.5	5.0	2.798809270624444	4.0	11.0	0.5823938266814855	0.6130952380952381	0.19245824330689426	0.2916666666666667	0.85	0.5066376258345405	0.5283251231527094	0.2762132455252903	0.0	0.85	1.5020119731320107	0.9710661242173795	1.59095039121208	0.0690651865993283	4.492357732861442	1.0071763435553205	0.6459512443956267	1.0582971847791829	0.045437622762715985	2.955498508461475	0.5669789190155278	0.07163454108890657	0.6848037808339328	0.052808864091056076	0.24833656594599987	0.09466440565589727	0.40959130582489744	0.12278144338360034	0	0.5495208819096756	0.15589832447958465	0.6977800397008841	0.12908940803038477	0.19128516177906857	0.22834915606265968	0.3493006064314257	0.163214519435615	1	0.4938139868606379	0.079276197969905	0.6901044173538223	0.1045812913844437	0.10337900267231526	0.09102874462507846	0.3291789246970146	0.04492340707223597	0									0
x0434_x1093	x0434	x1093	3303	200.0	10	8	8	0	0.0	8	1.0	7	0.875	8	0	5	1	2	7.0	6.5	2.9277002188455996	4.0	13.0	0.5179992591346947	0.48684210526315785	0.18253942414134197	0.2916666666666667	0.8076923076923077	0.5179992591346947	0.48684210526315785	0.18253942414134197	0.2916666666666667	0.8076923076923077	1.0996336169763377	0.2731584286516411	1.330269482222321	0.03246536616149642	3.1093283840726764	0.7435328147470099	0.1797094925339744	0.8950915166597562	0.021358793527300277	2.0456107789951816	0.53264749788017	0.07591417276024973	0.6769556389090785	0.04232573127884043	0.24355772347900548	0.07536293981721917	0.43099463265345744	0.08619729449605429	0	0.5480584669241617	0.15044474901877578	0.726890365971698	0.10403899541256982	0.14520328387364606	0.20782713339056955	0.35838886638226947	0.1255530181668056	0	0.5043771637980672	0.058875567495131904	0.7079838195445017	0.07590808722130295	0.06656343544993419	0.050609216609635445	0.31509643464968945	0.03384393595826824	0									0
x0434_x1093	x0434	x1093	4404	0.0	10	8	8	8	1.0	8	1.0	8	1.0	0	0	0	0	0	1.0	1.0	0.0	1.0	1.0	1.0	1.0	0.0	1.0	1.0	1.0	1.0	0.0	1.0	1.0											0.7001374886760314	0.07941670203694433	0.801816379460883	0.030433759795564085	0.44708187526935966	0.14310247350834324	0.5996200312714817	0.09838282164028223	0	0.7001374886760314	0.07941670203694433	0.801816379460883	0.030433759795564085	0.44708187526935966	0.14310247350834324	0.5996200312714817	0.09838282164028223	0	0.7001374886760314	0.07941670203694433	0.801816379460883	0.030433759795564085	0.44708187526935966	0.14310247350834324	0.5996200312714817	0.09838282164028223	0	0.7001374886760314	0.07941670203694433	0.801816379460883	0.030433759795564085	0.44708187526935966	0.14310247350834324	0.5996200312714817	0.09838282164028223	0
x0434_x1093	x0434	x1093	4404	20.0	10	10	10	1	0.1	10	1.0	6	0.6	9	0	2	6	1	4.9	4.5	3.2812599206199238	1.0	11.0	0.6119585476079165	0.5388888888888889	0.2523244082818809	0.3225806451612903	1.0	0.568543754515704	0.43961352657004826	0.28443618496798084	0.22580645161290322	1.0	2.736097173554343	2.073828826108847	1.9290306280555598	1.7337468096582025	7.815489364076955	1.8321043542619717	1.3792719577096006	1.419979476401621	1.1406229010909226	5.593836767537641	0.671447642457897	0.12378149349423433	0.7554433519566117	0.1053704935179928	0.3734447649841605	0.14248962853830294	0.5220861144085926	0.14890560647567821	0	0.740501995510326	0.2222668868048177	0.829975287277176	0.13186247930085618	0.536419444662587	0.38748630812170043	0.6281885963702261	0.2719693695596677	1	0.5817357189635703	0.08771505756275096	0.7523411229462584	0.05335636020699545	0.20998050199842863	0.20461056014069362	0.4248582901620045	0.1388158656511025	0	0.5567756426254056	0.0	0.768313458262351	0.0	0.10483870967741936	0.0	0.3789954337899543	0.0	0
x0434_x1093	x0434	x1093	4404	50.0	10	9	9	1	0.1111111111111111	9	1.0	9	1.0	8	0	6	1	1	10.444444444444445	9.0	9.38231196335838	1.0	32.0	0.5150359288694959	0.5	0.275779809979621	0.17777777777777778	1.0	0.5150359288694959	0.5	0.275779809979621	0.17777777777777778	1.0	0.8834433348725295	0.2797944282437909	1.2397740573274074	0.16138463371709247	3.537921706312903	0.5502689316631805	0.18714041041630636	0.7285242631420263	0.1136511505049947	2.045041448735782	0.6323581081039111	0.1328763374996896	0.7303909977587839	0.10235349575516815	0.3158726403198655	0.1371947243146519	0.47693942715403315	0.12298349075148587	0	0.5425555866420493	0.0515406631054307	0.7339542094744737	0.039271746993931385	0.12550140657935188	0.08409866580490191	0.3459381798732228	0.04112462933083715	0	0.5425555866420493	0.0515406631054307	0.7339542094744737	0.039271746993931385	0.12550140657935188	0.08409866580490191	0.3459381798732228	0.04112462933083715	0	0.5567756426254056	0.0	0.768313458262351	0.0	0.10483870967741936	0.0	0.3789954337899543	0.0	0
x0434_x1093	x0434	x1093	4404	100.0	10	9	9	1	0.1111111111111111	9	1.0	7	0.7777777777777778	8	0	8	0	0	9.222222222222221	7.0	8.452481555403978	1.0	29.0	0.5330958328807791	0.5333333333333333	0.2479940446819272	0.17777777777777778	1.0	0.527042467687629	0.5333333333333333	0.25660009252643023	0.15555555555555556	1.0	0.38487474983711484	0.20953764269761843	0.5178792489570939	0.040124805295476726	1.6326622430864262	0.26995329526929496	0.13785371230106475	0.38116682279069125	0.02639789822070837	1.1917242650265882	0.6186173878422431	0.153736033917897	0.7354869457598254	0.10544634602389613	0.3170737099286627	0.1417437501768368	0.4954663275411978	0.12146744189190435	0	0.6414591985340565	0.1959659078654262	0.7812523995207749	0.11341199956702366	0.33346309414203196	0.34074075923386155	0.4856381523047801	0.20592462453402993	2	0.5465775059495145	0.06643232975771414	0.7394883988284026	0.06208472191584119	0.13747260527643773	0.1415191964659911	0.37335931201765105	0.08060210673986273	0	0.5567756426254056	0.0	0.768313458262351	0.0	0.10483870967741936	0.0	0.3789954337899543	0.0	0
x0434_x1093	x0434	x1093	4404	200.0	10	9	9	1	0.1111111111111111	9	1.0	6	0.6666666666666666	8	0	5	3	0	8.666666666666666	7.0	6.614378277661476	1.0	24.0	0.523503603905661	0.5333333333333333	0.20666226207461177	0.32	1.0	0.47369839898124144	0.5333333333333333	0.2566850942455493	0.15555555555555556	1.0	1.0899393719633976	1.0017268696628867	0.9221802057819501	0.12891082188862213	2.0997335545254305	0.7297075874496337	0.6590308353045308	0.6203790991970047	0.08480975124251455	1.4320934634852267	0.6096802580870282	0.14987302674699882	0.7167260306528741	0.11667954494760183	0.2896116600698243	0.1569935130615892	0.4681045890671105	0.14227582829863286	0	0.6360326794425459	0.21894838587829157	0.76684483458889	0.1309254696099857	0.3085446939147676	0.3853960207504426	0.4348892094573131	0.28491247498834443	3	0.5142072542132684	0.05030518237029992	0.7236183019741819	0.06700002988556496	0.06274627265682345	0.06423651412142412	0.3140291119086164	0.028733430479532196	0	0.5567756426254056	0.0	0.768313458262351	0.0	0.10483870967741936	0.0	0.3789954337899543	0.0	0
x0434_x1093	x0434	x1093	5505	0.0	10	9	9	8	0.8888888888888888	9	1.0	9	1.0	1	0	1	0	0	1.1111111111111112	1.0	0.3333333333333333	1.0	2.0	0.9831649831649831	1.0	0.0505050505050505	0.8484848484848485	1.0	0.9831649831649831	1.0	0.0505050505050505	0.8484848484848485	1.0	1.4858781915083088	1.4858781915083088	0.0	1.4858781915083088	1.4858781915083088	1.046393092611485	1.046393092611485	0.0	1.046393092611485	1.046393092611485	0.645265053773081	0.08215418712153202	0.7560710011472508	0.05266398768454795	0.3597093348979384	0.11888165598365251	0.5245548881969783	0.1163062009748723	0	0.6400800008217902	0.08238163188108193	0.756706891183384	0.05167689051931098	0.35967475432638235	0.11891996609469385	0.5313682456945051	0.10650125086687437	0	0.6400800008217902	0.08238163188108193	0.756706891183384	0.05167689051931098	0.35967475432638235	0.11891996609469385	0.5313682456945051	0.10650125086687437	0	0.6430734961993708	0.08754482372042154	0.7653872337133825	0.047717812137630836	0.3743280833820869	0.11812573380805648	0.5457747453627252	0.1040581779143357	0
x0434_x1093	x0434	x1093	5505	20.0	10	10	10	1	0.1	10	1.0	10	1.0	9	0	3	6	0	6.1	5.0	3.8427420765212266	1.0	11.0	0.696692905772829	0.7519181585677749	0.22141535057042744	0.3076923076923077	1.0	0.696692905772829	0.7519181585677749	0.22141535057042744	0.3076923076923077	1.0	1.8906524024474023	1.993160555499733	0.6966784981322789	0.37655544080520414	2.713539754637842	1.2158745687458752	1.3307254259537464	0.3867450595739334	0.28526927333727586	1.5202870182602664	0.6348074284672651	0.1298201384092881	0.7363957615984558	0.0792939897524911	0.33009596325828666	0.13765029650396374	0.4892197774705077	0.13273297135874942	0	0.5231336891825097	0.1341858806809128	0.7010985451243088	0.09681013471504883	0.22535557644857782	0.18620450657325557	0.41166560554528225	0.15879608494902436	0	0.5231336891825097	0.1341858806809128	0.7010985451243088	0.09681013471504883	0.22535557644857782	0.18620450657325557	0.41166560554528225	0.15879608494902436	0	0.46896205076652425	0.0	0.6750776397515528	0.0	0.07283896445809565	0.0	0.27090592334494773	0.0	0
x0434_x1093	x0434	x1093	5505	50.0	10	8	8	1	0.125	8	1.0	8	1.0	7	0	4	3	0	6.0	5.0	3.625307868699863	1.0	11.0	0.6410038226550375	0.6504524886877828	0.23594901979286703	0.30434782608695654	1.0	0.6410038226550375	0.6504524886877828	0.23594901979286703	0.30434782608695654	1.0	1.5299970471972306	1.4230660560915656	1.029904708292171	0.1226417547167357	2.8268995383635405	0.9564581549005773	0.9448639204772938	0.6127871191756773	0.08951952899031802	1.6073034622491131	0.5530092852428091	0.14093210937289216	0.6712001349545043	0.07613583822386319	0.26828365550599476	0.11981794049145172	0.41358060463706814	0.10918594341008275	0	0.4406799364952265	0.09884024993923961	0.6462663958113427	0.10563338677119406	0.09108555807471864	0.06541454044725731	0.2809455579433782	0.046589038675809956	0	0.4406799364952265	0.09884024993923961	0.6462663958113427	0.10563338677119406	0.09108555807471864	0.06541454044725731	0.2809455579433782	0.046589038675809956	0	0.35325953259532594	0.0	0.5907967294162388	0.0	0.09156876295784382	0.0	0.24912770411723656	0.0	0
x0434_x1093	x0434	x1093	5505	100.0	10	8	8	0	0.0	8	1.0	6	0.75	8	0	6	1	1	6.875	6.0	3.399054490379851	3.0	12.0	0.5355137178642614	0.47246376811594204	0.2065342049563392	0.3076923076923077	0.8125	0.507845733674538	0.4072463768115942	0.22628190795084702	0.30303030303030304	0.8125	1.126177337827005	0.3707457226908968	1.3262200760118978	0.24572545655670222	3.9490172195117084	0.734571272558487	0.24649727789113504	0.831994823658194	0.1683452234722688	2.462300652739579	0.554040990617405	0.10668851917341997	0.6706089054677113	0.06829670418463825	0.24005755817947588	0.09889583047708914	0.3962064815649926	0.08835410418843757	0	0.5733184346961466	0.16596159695381058	0.7355988260934917	0.0800914987693547	0.20020831788366827	0.24814177590539765	0.3691252680117269	0.13444344035128103	1	0.5232124544264819	0.09809243362293871	0.7303995415807181	0.06701374291950922	0.11781073817074339	0.10459771669013619	0.3525373243090862	0.0810572388929047	0									0
x0434_x1093	x0434	x1093	5505	200.0	10	9	9	0	0.0	9	1.0	7	0.7777777777777778	9	0	4	3	2	7.222222222222222	5.0	4.206476488041321	3.0	16.0	0.5002624018651299	0.5	0.18812001224484312	0.2857142857142857	0.7777777777777778	0.4911579797172295	0.5	0.198054652349916	0.2692307692307692	0.7777777777777778	1.8818149500576058	2.1667627927394366	1.2915712061118239	0.07529276193632625	4.001358519303162	1.2493664730735956	1.2614452672494798	0.9170210204851853	0.04953471180021464	2.8178581121853257	0.5546441746071489	0.07393090248236539	0.6710243916987776	0.050229529099714613	0.23569828010746552	0.09331024127654412	0.39666132405246546	0.09486192752493294	0	0.5839699083297585	0.09802654725850009	0.7442898625856041	0.029725776346148355	0.14330535656787075	0.1150372218315959	0.31877056623013594	0.08912543077905943	0	0.540967202126727	0.046994699933412584	0.7442701768833001	0.027979766062164922	0.08644810323097195	0.08956474699443696	0.3361677214664091	0.056736391567076445	0									0
x0434_x2193	x0434	x2193	1101	0.0	10	8	8	5	0.625	8	1.0	7	0.875	3	0	1	1	1	1.375	1.0	0.5175491695067657	1.0	2.0	0.9087301587301587	1.0	0.16676112213849756	0.5555555555555556	1.0	0.8948412698412699	1.0	0.20140599270554796	0.4444444444444444	1.0	4.597754781852972	2.027256520522257	4.869128150800941	1.5525520925237901	10.21345573251287	3.043669656858165	1.333721395080432	3.1721656512655816	1.093346544030838	6.703941031463225	0.6622789980351264	0.08049992174419002	0.7986749198299963	0.07789532452394511	0.3969102769544298	0.10653242151259219	0.6070475064144141	0.14242244802663204	0	0.6919980289611667	0.1379930500732295	0.8046525091178259	0.0982681590520145	0.47357461318240335	0.22591739394638302	0.6355619105713897	0.1840120486079568	0	0.6219180096057151	0.1071944591884337	0.7890553973216228	0.06810687537289564	0.3720177729063601	0.1371731642046659	0.6026761767362888	0.12295668083285112	0	0.6511201501829653	0.07630301904186372	0.7944282436725	0.06573382475672201	0.4237935860347941	0.08661295339888263	0.6210370726814515	0.11468461772962618	0
x0434_x2193	x0434	x2193	1101	20.0	10	9	9	0	0.0	9	1.0	7	0.7777777777777778	9	0	2	6	1	6.444444444444445	5.0	3.358240279934981	3.0	12.0	0.5490748841784109	0.5	0.17826142784817742	0.3448275862068966	0.8260869565217391	0.5314077917986748	0.5	0.19777093757023959	0.2413793103448276	0.8260869565217391	2.2479095067337718	2.0896348963395486	0.547517653348201	1.575571007603275	3.3228675868893705	1.414428459786113	1.3182090757072107	0.3348472306809331	1.036559873423207	2.1860970966377438	0.7337928223066534	0.046059957660325945	0.7710338798199863	0.08448323442894325	0.45780539342916704	0.0865098837595237	0.5512678105150914	0.09605456745340948	2	0.6602064691536399	0.18795877473257241	0.7975044985382631	0.07342328853997315	0.41504630266343334	0.3191554856007754	0.5738470607081779	0.14027791894378777	2	0.5663539896754034	0.05973604314794918	0.8176246757521246	0.05546854274850852	0.22351062295935442	0.1541814578126743	0.6037715505651854	0.07717308080938083	0									0
x0434_x2193	x0434	x2193	1101	50.0	10	8	8	0	0.0	8	1.0	5	0.625	8	0	5	2	1	6.875	6.0	3.399054490379851	3.0	14.0	0.44385824857179257	0.43504901960784315	0.07981892947651688	0.3333333333333333	0.5833333333333334	0.37767259140037823	0.3611111111111111	0.11007772083429493	0.2413793103448276	0.5833333333333334	1.2274069634409253	0.9356000415129666	1.2289214881799992	0.03606937759374475	3.0059582498764	0.8112870718654734	0.6706703865250775	0.8153154201940878	0.02372985368009523	2.0448695577390477	0.7540084021668849	0.054426327168889906	0.7835068352491331	0.06399060409031421	0.5265942143107392	0.023374338455516414	0.588841992304814	0.061767091214947785	0	0.7202522704007217	0.2311256301681562	0.8559421733155134	0.013150722475944336	0.4105780329062299	0.4916823101325005	0.6215747584767387	0.06148228026946499	3	0.5490039009067245	0.019879798745327016	0.853397472935284	0.004278210712989286	0.04155637205991296	0.08430567447754458	0.5912215497672598	0.01625112214739526	0									0
x0434_x2193	x0434	x2193	1101	100.0	10	9	9	0	0.0	9	1.0	4	0.4444444444444444	9	0	7	1	1	6.888888888888889	7.0	1.6158932858054431	4.0	9.0	0.46344241381747137	0.43478260869565216	0.1152589621633279	0.2916666666666667	0.6	0.3669846902982786	0.30434782608695654	0.1395812088746986	0.2413793103448276	0.6	1.1784605171893536	0.3498256708705059	1.1929192284492796	0.18880148304502073	3.400607004639023	0.7474231132259721	0.23014846767796443	0.739986680568047	0.13295879087677517	2.136437442595726	0.7599463208414281	0.05440235063590819	0.7842104312649536	0.0665455146293702	0.5139610177325646	0.041110796584546166	0.5676946211554973	0.0629358328812598	2	0.8008692241277469	0.23273090870822372	0.8494057079414157	0.03852776946561884	0.5835554755766924	0.4895972931619365	0.6284219158159313	0.10013446612109499	5	0.5579191550521417	0.03512969983641581	0.8394474147543981	0.02980767327405822	0.0778237561738303	0.13572024185199402	0.5763054458599546	0.024283955125235245	0									0
x0434_x2193	x0434	x2193	1101	200.0	10	10	10	0	0.0	10	1.0	4	0.4	10	0	6	0	4	6.3	6.0	1.766981104093143	5.0	10.0	0.4883495308834845	0.5041666666666667	0.12320099559484249	0.2962962962962963	0.6206896551724138	0.3447306657128952	0.29800724637681164	0.11480628917205472	0.2413793103448276	0.5833333333333334	1.3674516981802933	0.3440852727689472	1.5513612134523214	0.07381734213584112	3.365387644833802	0.9217994059870342	0.2263718899795705	1.0461148728359912	0.04856404087884284	2.2725538282737725	0.7660256859767194	0.04611861034688542	0.7919047524510768	0.053629885810867604	0.5374949375362527	0.00436469033331093	0.5907104918596225	0.070317728453678	2	0.8160394866654541	0.23690835034597527	0.8439878457879113	0.03868024032782327	0.6035641269961269	0.5102690174102765	0.6180380970007007	0.13145281423575106	6	0.5410716236313197	0.002836794809619161	0.8544339499175438	0.001772419184848558	0.011254738186054004	0.002931900070309482	0.5845570620846235	0.003873277615387614	0									0
x0434_x2193	x0434	x2193	2202	0.0	10	7	7	5	0.7142857142857143	5	0.7142857142857143	5	1.0	2	0	2	0	0	2.142857142857143	1.0	2.0354009783964297	1.0	6.0	0.8550543024227235	1.0	0.28078223922720497	0.2631578947368421	1.0	0.7142857142857143	1.0	0.4879500364742666	0.0	1.0	0.2545153475666282	0.2545153475666282	0.07126623117632876	0.20412251223223798	0.3049081829010184	0.15137434304119995	0.15137434304119995	0.02415931656595933	0.13429112646857763	0.1684575596138223	0.6700825759176628	0.0953143509082717	0.8035805302009889	0.053942417183335194	0.4123933659586336	0.08622781258675247	0.602503741694181	0.1155848960902971	1	0.7238162948559913	0.06929941033187424	0.8200901799256302	0.06764779138040086	0.4134072210419074	0.08476495320459046	0.5905684123044277	0.1155967372846495	1	0.715879160324676	0.06419971621967269	0.7928691666376075	0.05984512608982084	0.4442163753967396	0.07841984217411074	0.5723702331087985	0.12447652675877005	1	0.715879160324676	0.06419971621967269	0.7928691666376075	0.05984512608982084	0.4442163753967396	0.07841984217411074	0.5723702331087985	0.12447652675877005	1
x0434_x2193	x0434	x2193	2202	20.0	10	7	7	0	0.0	7	1.0	4	0.5714285714285714	7	0	2	4	1	5.714285714285714	7.0	2.690370836538197	2.0	9.0	0.6203281402529522	0.631578947368421	0.22145116912130872	0.34615384615384615	0.9473684210526315	0.5704502403750524	0.631578947368421	0.27705356405902065	0.25925925925925924	0.9473684210526315	2.153679213405742	2.1485727821044374	1.1507123098475551	0.31603006186120947	4.23755424744038	1.2945601156656066	1.2892095612296957	0.627958212831907	0.20791451438237465	2.380648453618191	0.7224788966515877	0.08021955934633856	0.7551136605271868	0.04013274818198156	0.49099348027394574	0.045751418513708904	0.5294849446133684	0.09958104351829566	3	0.7598239516138711	0.22492282936222238	0.7771058331899222	0.0302070762110842	0.59432434877685	0.3723933386171053	0.524324648140452	0.0950776548804288	3	0.5665966320679111	0.06348791570679124	0.8130437433564929	0.04752125768221187	0.18158653041366019	0.18505886365726648	0.5757520943764999	0.05950400826764035	0									0
x0434_x2193	x0434	x2193	2202	50.0	10	8	8	0	0.0	8	1.0	5	0.625	8	0	4	2	2	5.125	5.0	1.9594095320493148	2.0	8.0	0.6125756801006347	0.623882503192848	0.22085336344955508	0.35	0.9285714285714286	0.5122404310584892	0.3786549707602339	0.2785342400685192	0.2413793103448276	0.9285714285714286	1.754493963941882	1.3456915213660303	1.7442228086675164	0.15049584711878244	4.731987954338006	1.1183830249290367	0.860473045069341	1.072817736820435	0.09901042573604107	2.6584201990662955	0.7259560863327498	0.06483574290707195	0.7679012990061176	0.06664072852399465	0.5071004773665059	0.04120570627310026	0.5746104990987823	0.07537733596773127	1	0.740329474828825	0.21306803579935898	0.8053277832147634	0.08229241428766428	0.5018893071312878	0.43176927947339444	0.5800334939967919	0.16932504830056808	3	0.5707671581377497	0.04793309149675805	0.8222147174525096	0.049245676132572504	0.14004616550898671	0.19980808481820997	0.5727554905864463	0.030873746287298436	0									0
x0434_x2193	x0434	x2193	2202	100.0	10	9	9	0	0.0	9	1.0	6	0.6666666666666666	9	0	7	1	1	6.111111111111111	5.0	1.6914819275153699	4.0	9.0	0.5358867581896418	0.5263157894736842	0.13136226442269108	0.35	0.7368421052631579	0.4552552091168748	0.3888888888888889	0.1743272455338422	0.2413793103448276	0.7368421052631579	0.7220906881617111	0.13382451195502407	1.2337476110732357	0.06173329733620369	3.56790064323546	0.49213876521924027	0.08804244207567373	0.8509386378212405	0.043474153053664574	2.4855886939188347	0.7278685273170883	0.05430119282743267	0.7617598550145739	0.06948157838206542	0.5125993839215739	0.03871418773941972	0.5725452188020558	0.08257494124908492	1	0.7155213620972983	0.21602266977198065	0.8387104217026866	0.06274486434950463	0.44789336999522383	0.43968989176990025	0.6265607807077627	0.10865057746495926	3	0.5621811632729506	0.038138183989448314	0.8246583696330855	0.04992806729969164	0.117665997312938	0.1692456407479248	0.5699226660599868	0.030248780536337623	0									0
x0434_x2193	x0434	x2193	2202	200.0	10	9	9	0	0.0	9	1.0	7	0.7777777777777778	9	0	4	5	0	6.555555555555555	6.0	1.9436506316151	4.0	10.0	0.41297304564092224	0.3684210526315789	0.08118717749654712	0.3448275862068966	0.5833333333333334	0.3809026610801162	0.3684210526315789	0.1066022758659928	0.2413793103448276	0.5833333333333334	1.2555630099807076	1.9108835652650298	0.9902379607772106	0.1563361762357009	2.2978531284657864	0.8402024811126971	1.3095030749578644	0.6650321908781177	0.10285274752348743	1.5631653935141405	0.7504710633333916	0.03692618525148311	0.7929949224739857	0.06286483053752592	0.5343316152731176	0.008788043801099005	0.6147035410082328	0.08268699835342953	2	0.6420465052956664	0.20295646288162983	0.8723392306648042	0.035006445798006276	0.23105042547535504	0.43598280888055074	0.6388550014471396	0.10641644503482403	2	0.5402658153178679	0.003128939411268395	0.8549072803739272	0.0019301236822976296	0.011359298938301739	0.006261738190511455	0.5856524276337481	0.004013636345624657	0									0
x0434_x2193	x0434	x2193	3303	0.0	10	10	10	9	0.9	10	1.0	10	1.0	1	0	1	0	0	1.1	1.0	0.31622776601683794	1.0	2.0	0.9961538461538462	1.0	0.01216260638526299	0.9615384615384616	1.0	0.9961538461538462	1.0	0.01216260638526299	0.9615384615384616	1.0	1.6156169100377713	1.6156169100377713	0.0	1.6156169100377713	1.6156169100377713	1.0629058618669547	1.0629058618669547	0.0	1.0629058618669547	1.0629058618669547	0.6805734328550186	0.08687567497170082	0.787545589382879	0.07599117911145621	0.42288741753584347	0.10878814887795223	0.5904948570860161	0.09206538398441526	1	0.6798118297986221	0.08584622316170572	0.7867763465898626	0.07578163116900773	0.42257806267475095	0.10842607021467475	0.5903818828269113	0.09206588272249144	1	0.6798118297986221	0.08584622316170572	0.7867763465898626	0.07578163116900773	0.42257806267475095	0.10842607021467475	0.5903818828269113	0.09206588272249144	1	0.6685193016857528	0.08280191654935402	0.7850937610913157	0.08018018937627834	0.4100210222715838	0.10701330559092222	0.5904790134067731	0.09765007153209423	1
x0434_x2193	x0434	x2193	3303	20.0	10	8	8	0	0.0	8	1.0	5	0.625	8	0	1	7	0	4.25	3.5	3.011881234615431	2.0	11.0	0.6648865993353289	0.7007575757575758	0.25612910766018826	0.3448275862068966	0.9285714285714286	0.615497231519237	0.6340909090909091	0.3045519416638133	0.2413793103448276	0.9285714285714286	2.188327275498962	2.2660998466253996	0.4355975997668205	1.3653017981384181	2.852582514143981	1.362043358139452	1.3638999078825043	0.21463127425590578	0.9287767334274953	1.602574446148304	0.6975593857038309	0.049563260150684484	0.7476759787842779	0.078318586432063	0.45740279153358904	0.047286288587108566	0.5332866994804073	0.11130882862276727	3	0.7407782527868275	0.20303866659910202	0.7937825995743062	0.09648903574587438	0.5427387314905666	0.3536279489873624	0.5660978255508697	0.1483896614638068	3	0.5774869056648865	0.06065542828568456	0.7870799047537511	0.08210496816504913	0.19167047705320284	0.17727985806997734	0.5331847647736749	0.08474746220321594	1									0
x0434_x2193	x0434	x2193	3303	50.0	10	10	10	0	0.0	10	1.0	7	0.7	10	0	4	4	2	5.5	4.5	3.3747427885527643	2.0	13.0	0.5758092875062022	0.5993589743589745	0.1896293418910759	0.27586206896551724	0.9285714285714286	0.5177456270287486	0.49856321839080464	0.2247325993960116	0.2413793103448276	0.9285714285714286	2.240796676772466	2.258255739209787	1.7013326323684128	0.29550465309365354	6.302223179164634	1.3994973293838262	1.2686829995560602	0.9804535716258198	0.1944109559826668	3.5405748197554123	0.733097220763713	0.06344877865499826	0.7587016184840624	0.05882993502622153	0.49789329161385565	0.037681416847361496	0.5312257903203768	0.1108380934146443	2	0.7093520418110135	0.20435616772826798	0.8140930006441083	0.0740378908530571	0.43058466833580744	0.42698517531121283	0.5783263604413507	0.10067026842542158	3	0.5737810294317757	0.05295120967376721	0.8129399288595199	0.07190732561190534	0.13745053843453647	0.19896086318708503	0.5620785745166651	0.059117731732802714	0									0
x0434_x2193	x0434	x2193	3303	100.0	10	8	8	0	0.0	8	1.0	4	0.5	8	0	4	1	3	5.0	4.0	3.070597894314954	2.0	12.0	0.5489555835120717	0.5666666666666667	0.15235491465008336	0.3103448275862069	0.7272727272727273	0.47366822719023266	0.4342105263157895	0.19078925912416944	0.2413793103448276	0.7272727272727273	1.6280741210407317	1.6798198198850396	1.3883661132619973	0.1207476707849878	3.7332047894536937	1.1584489718588902	1.1739500112516896	1.005096370924074	0.08503357097534353	2.7249669996012362	0.7132980842574611	0.05975243232322902	0.7556678350366287	0.04609746490591713	0.4900127373085196	0.053480492480378256	0.5459712427413622	0.0674798704677506	0	0.7741946415471186	0.23203866397457534	0.8467522260937457	0.04060628086132233	0.5309832402603986	0.4794911052166502	0.6156690185647198	0.0786688714620372	4	0.5488407039683918	0.018499106095115195	0.8523211994488348	0.01157801169762597	0.04959263156893011	0.07186000401264592	0.5905980581144693	0.031515896495361205	0									0
x0434_x2193	x0434	x2193	3303	200.0	10	9	9	0	0.0	9	1.0	6	0.6666666666666666	9	0	4	1	4	6.111111111111111	6.0	2.260776661041756	2.0	9.0	0.5017248195106634	0.5	0.1379718513159459	0.35	0.7272727272727273	0.4352644599468556	0.3684210526315789	0.18245305783640275	0.2413793103448276	0.7272727272727273	1.9260912986004215	1.9735539009614105	1.3103786563958182	0.12911235417263486	3.5153762245313085	1.3194990110575135	1.3425536741234085	0.8881799333732079	0.09092419307932033	2.3569124564684527	0.7361938258532881	0.06387371528572146	0.7798828136778158	0.03651861812834736	0.5097064372414377	0.06170626954512937	0.5727023647675147	0.07246638936314083	2	0.695996181417275	0.22749969010189972	0.8353520744817989	0.033048016561855784	0.3539602901849272	0.4841167899408048	0.5878435585338458	0.04765264445587741	3	0.5443638726283202	0.0061380474463201655	0.8503821315713325	0.01303370210179767	0.026424574572014393	0.031536381898634155	0.5803841641301252	0.01848288913435688	0									0
x0434_x2193	x0434	x2193	4404	0.0	10	8	8	8	1.0	8	1.0	8	1.0	0	0	0	0	0	1.0	1.0	0.0	1.0	1.0	1.0	1.0	0.0	1.0	1.0	1.0	1.0	0.0	1.0	1.0											0.7001374886760314	0.07941670203694433	0.7969422467104013	0.03234853154067356	0.44708187526935966	0.14310247350834324	0.5962240958371954	0.0681895819880557	0	0.7001374886760314	0.07941670203694433	0.7969422467104013	0.03234853154067356	0.44708187526935966	0.14310247350834324	0.5962240958371954	0.0681895819880557	0	0.7001374886760314	0.07941670203694433	0.7969422467104013	0.03234853154067356	0.44708187526935966	0.14310247350834324	0.5962240958371954	0.0681895819880557	0	0.7001374886760314	0.07941670203694433	0.7969422467104013	0.03234853154067356	0.44708187526935966	0.14310247350834324	0.5962240958371954	0.0681895819880557	0
x0434_x2193	x0434	x2193	4404	20.0	10	8	7	1	0.14285714285714285	7	1.0	4	0.5714285714285714	6	0	0	5	1	4.285714285714286	4.0	2.5634797778466227	1.0	8.0	0.6114354727398206	0.4666666666666667	0.27413492692234026	0.34782608695652173	1.0	0.6042926155969635	0.4666666666666667	0.2811245730303976	0.34782608695652173	1.0	2.4461633322235126	2.1342732595786282	0.7413268796571416	1.942891144660449	3.9044358107158073	1.5262391985869805	1.3963436356607848	0.33337766517214407	1.321694656231598	2.1935032644470827	0.7129340536722427	0.08287238627308939	0.7627713647927444	0.07134201041952476	0.4555636511384696	0.15736027025193206	0.5377255389854882	0.12338843710131567	3	0.7675281417764931	0.20493796993777683	0.7799778881970578	0.13346083611726434	0.5378068752402697	0.4021456841948358	0.515458551218707	0.193877300778382	4	0.5869879452987292	0.06522315913256398	0.7908979938382511	0.11768574228584436	0.17145253976021713	0.19117929165200778	0.5383282835881079	0.11352138424456032	1	0.5567756426254056	0.0	0.8229984301412873	0.0	0.10483870967741936	0.0	0.5453629032258065	0.0	0
x0434_x2193	x0434	x2193	4404	50.0	10	10	10	1	0.1	10	1.0	6	0.6	9	0	5	2	2	6.0	5.0	3.9440531887330774	1.0	14.0	0.5284758241602562	0.45833333333333337	0.2009061887448719	0.2903225806451613	1.0	0.4625074447136158	0.3944444444444445	0.21822004579121582	0.2903225806451613	1.0	2.196937527642476	1.8516341431287102	2.5266275075860887	0.08124038404635944	8.325313207321393	1.3773885376982509	1.21818035732152	1.4278466674770534	0.05721153806081651	4.677142251304153	0.7433846487107342	0.08634570656224812	0.7803982759383783	0.07921731127797008	0.4751292890239043	0.13194665681041814	0.5530083477859085	0.10511095552172192	3	0.7344223878120117	0.22829827028721394	0.8539442092592832	0.06243839116425642	0.4785900169158053	0.4552610600740886	0.6376869113841834	0.1420429133548568	3	0.5692334457746374	0.05675405937206311	0.8364016996191779	0.029884623174763945	0.13512986681243846	0.1725023788203179	0.5908488999157682	0.051294853432048204	0	0.5567756426254056	0.0	0.8229984301412873	0.0	0.10483870967741936	0.0	0.5453629032258065	0.0	0
x0434_x2193	x0434	x2193	4404	100.0	10	10	10	1	0.1	10	1.0	5	0.5	9	0	6	2	1	6.2	6.5	2.936362072739365	1.0	10.0	0.5281465708983241	0.5333333333333333	0.1971416026371743	0.34782608695652173	1.0	0.43616694292150116	0.3638888888888889	0.22657170579130792	0.22580645161290322	1.0	1.0785869874289735	0.2591408883213932	1.204106099713602	0.0683739716558868	3.215205903204335	0.7242508179499826	0.17048742652723237	0.8122929453415849	0.046512905888358366	2.1872149001390033	0.7427747853629351	0.08635741922945053	0.7725382922872507	0.0795344859247578	0.4833895787960921	0.13410870445684317	0.5519820985735104	0.07647036025681553	4	0.7732982232685924	0.23382949011018486	0.8542038478229308	0.06254919060587515	0.5265281085094787	0.4893913918495999	0.6395058525512903	0.13756731050367807	4	0.5625154625970286	0.04916129905965516	0.8445309630103283	0.015821953711604345	0.08888618025251262	0.159569145962746	0.5887147584073559	0.04210991548995723	0	0.5567756426254056	0.0	0.8229984301412873	0.0	0.10483870967741936	0.0	0.5453629032258065	0.0	0
x0434_x2193	x0434	x2193	4404	200.0	10	10	10	1	0.1	10	1.0	6	0.6	9	0	6	1	2	8.7	6.5	9.832485839185214	1.0	36.0	0.5010600535509372	0.47333333333333333	0.21733058081785614	0.15555555555555556	1.0	0.4128336095881678	0.3340909090909091	0.2406527883386909	0.15555555555555556	1.0	1.0315967889208184	0.24216936222404367	1.2923332864336077	0.046021733996015037	3.02054481840611	0.7141646325505726	0.1593219488316077	0.8940550420980384	0.0324096718281796	2.127144238314162	0.747972447373399	0.09118450541040347	0.787213347926363	0.06603256128936534	0.48367450680979096	0.13404658772363523	0.5656912381127385	0.05085177923945314	2	0.7242009069788873	0.23155733388379124	0.8292550320900329	0.03281020162307525	0.42187264856510154	0.4857732623705845	0.5858477622890987	0.07064892448671913	4	0.5432217191036655	0.006244008982807797	0.8452639502328586	0.020581405540060094	0.03450573032185217	0.04618901543765183	0.573705283391835	0.02711855392142193	0	0.5567756426254056	0.0	0.8229984301412873	0.0	0.10483870967741936	0.0	0.5453629032258065	0.0	0
x0434_x2193	x0434	x2193	5505	0.0	10	9	9	8	0.8888888888888888	9	1.0	9	1.0	1	0	1	0	0	1.1111111111111112	1.0	0.3333333333333333	1.0	2.0	0.9831649831649831	1.0	0.0505050505050505	0.8484848484848485	1.0	0.9831649831649831	1.0	0.0505050505050505	0.8484848484848485	1.0	1.4858781915083088	1.4858781915083088	0.0	1.4858781915083088	1.4858781915083088	1.046393092611485	1.046393092611485	0.0	1.046393092611485	1.046393092611485	0.645265053773081	0.08215418712153202	0.8423601573299745	0.024506747554119322	0.3597093348979384	0.11888165598365251	0.6677899498908528	0.06232667660961027	0	0.6400800008217902	0.08238163188108193	0.8401558686902518	0.02687873116193011	0.35967475432638235	0.11891996609469385	0.6676320459500961	0.06259435284186664	0	0.6400800008217902	0.08238163188108193	0.8401558686902518	0.02687873116193011	0.35967475432638235	0.11891996609469385	0.6676320459500961	0.06259435284186664	0	0.6430734961993708	0.08754482372042154	0.844329941648514	0.025425751250645855	0.3743280833820869	0.11812573380805648	0.6794756717584223	0.05509067597648959	0
x0434_x2193	x0434	x2193	5505	20.0	10	9	9	1	0.1111111111111111	9	1.0	7	0.7777777777777778	8	0	2	5	1	5.222222222222222	5.0	3.3458099833141217	1.0	10.0	0.6490993429228723	0.5714285714285714	0.24014005053157483	0.36	1.0	0.6044961683196978	0.5454545454545454	0.28489831386323944	0.25	1.0	2.3548671939363497	2.0326625778295586	1.0002187611702584	1.5946187632158357	4.704833472079539	1.5538358775021226	1.3373246667072873	0.6403506009824358	1.122970960011152	3.0952851789996965	0.6886084060675565	0.11222828351005956	0.7758237515088585	0.055307189332413735	0.40442163094088257	0.1383096686413312	0.5384376286513594	0.08060716963006741	1	0.6642379999074057	0.18756941178944125	0.8090636743807723	0.027722863199319724	0.4075099272046082	0.34018229978594544	0.5945362183926767	0.0657486234626631	2	0.5653551639877576	0.04217834340610357	0.8264194545315828	0.025552766231979742	0.19560249400995966	0.15782001590141978	0.6026194945900517	0.05083232800578063	0	0.5278380332610267	0.0	0.81556303778526	0.0	0.1548748921484038	0.0	0.5753660637381568	0.0	0
x0434_x2193	x0434	x2193	5505	50.0	10	8	8	1	0.125	8	1.0	4	0.5	7	0	3	2	2	6.0	6.0	3.927922024247863	1.0	11.0	0.5981318620992534	0.5075757575757576	0.2523931518507519	0.30434782608695654	1.0	0.5214069203743117	0.3855072463768116	0.3125901096667581	0.21212121212121213	1.0	1.5814457214848092	2.213044283334612	1.2301639463896499	0.21414247593599905	2.7116375126480294	1.0219620275200438	1.5015726772939197	0.7920965093011335	0.14567515369795855	1.8106709416685214	0.7154717356797615	0.10838204758111206	0.7768301893895513	0.04398366758334973	0.46252346326516464	0.1210027360196946	0.550393868253668	0.04975893597309744	1	0.7830576786660194	0.2150997065725929	0.7967197227561708	0.0421636134230046	0.5941348671361397	0.4065921519805462	0.5495151805294122	0.08115818613592969	4	0.5624799007849505	0.03181719371406919	0.8233151849290538	0.046775346744908686	0.1207764167269963	0.15593371320385366	0.5655855959323687	0.03134078875911513	0	0.5827490970894412	0.0	0.7399963456970583	0.0	0.3161559888579387	0.0	0.5050434782608696	0.0	0
x0434_x2193	x0434	x2193	5505	100.0	10	10	10	0	0.0	10	1.0	7	0.7	10	0	5	2	3	6.8	6.5	3.011090610836324	2.0	11.0	0.531878125213803	0.5327272727272727	0.18118417051621066	0.2692307692307692	0.8181818181818182	0.43525907759475535	0.35805626598465473	0.21974670486374137	0.21212121212121213	0.8181818181818182	1.6816911095401947	1.9266760316976166	1.470708563959514	0.07327346040688895	3.949182953472781	1.1162575228019505	1.2946868565322904	0.9895423693939178	0.049845891433257794	2.7507084308726437	0.734545278740817	0.08030365472158867	0.7681284220624298	0.060533786207002636	0.49856476758264157	0.0762055037088624	0.548196585921088	0.059930114971782716	3	0.6878221411455457	0.21298195536039333	0.8398298121782651	0.03782307259584192	0.3533793624959109	0.4488823062718536	0.6117185025285788	0.09268616561350337	3	0.5518735891160186	0.02257649187125003	0.8421299712610573	0.02707337640084218	0.06061337050944562	0.10145479939299945	0.5761011889784213	0.023244698943336046	0									0
x0434_x2193	x0434	x2193	5505	200.0	10	10	10	0	0.0	10	1.0	5	0.5	10	0	5	4	1	6.4	6.5	1.837873166945363	3.0	9.0	0.49154863586257447	0.45208333333333334	0.14742341807879297	0.32	0.7777777777777778	0.40457725941293715	0.35805626598465473	0.1834277867943425	0.21212121212121213	0.7777777777777778	1.5206982416097279	1.9748641933992999	1.2032901460232925	0.05872818744010404	3.062348118682786	0.959437273535268	1.3039813139182796	0.7337750039087028	0.03863696542112108	1.7701434212039224	0.7514136426863698	0.06383395029364702	0.7854005636508191	0.052468922349210176	0.5154882634261878	0.05478230553712654	0.5772027542242137	0.07298447878566526	1	0.7679744034613869	0.23968412317927554	0.8557379423990853	0.04997984812761421	0.5002966514580041	0.5137882889185407	0.6362468604495215	0.10053906799358438	5	0.5415874985246151	0.0017962248681589374	0.8543588819347678	0.0014011503466164782	0.013988568392823215	0.00542156372519318	0.5845813642895833	0.0030334856530579266	0									0
